speech_id,line_id,anger_score,anger,valence,arousal,dominance
S032,0,0.6954383254051208,0.0,0.6869615384615384,0.4785769230769231,0.6735000000000001
S032,1,0.7063108086585999,0.0,0.6866000000000001,0.38515,0.65195
S032,2,0.6957246661186218,0.0689655172413793,0.6769999999999999,0.4606829268292683,0.6195609756097561
S032,3,0.7016472220420837,0.1666666666666666,0.5461052631578948,0.4922105263157895,0.5438947368421053
S032,4,0.7054318189620972,0.1052631578947368,0.5893703703703704,0.4529259259259259,0.5349629629629631
S032,5,0.7032828330993652,0.24,0.5298709677419355,0.5355483870967742,0.602774193548387
S032,6,0.6779400110244751,0.0714285714285714,0.5815416666666667,0.3893749999999999,0.5302083333333333
S032,7,0.6814951300621033,0.0434782608695652,0.6581219512195121,0.4359756097560976,0.5916341463414635
S032,8,0.6812962293624878,0.04,0.6268461538461538,0.4418717948717948,0.5573076923076924
S032,9,0.69069504737854,0.1176470588235294,0.7220416666666667,0.5130833333333333,0.6402083333333334
S032,10,0.6731417179107666,0.032258064516129,0.607304347826087,0.4826304347826086,0.5974130434782609
S032,11,0.6777807474136353,0.1363636363636363,0.607275,0.485,0.5728000000000001
S032,12,0.6879340410232544,0.0,0.524875,0.4645,0.510625
S032,13,0.7015126943588257,0.2666666666666666,0.5246315789473684,0.4733157894736843,0.5944210526315791
S032,14,0.6685560345649719,0.0909090909090909,0.6684117647058825,0.4672941176470588,0.6283529411764706
S032,15,0.6677911281585693,0.0,0.6294722222222222,0.4722499999999999,0.5730277777777778
S032,16,0.6775704622268677,0.21875,0.6650666666666667,0.5195555555555557,0.706488888888889
S032,17,0.6800459623336792,0.1363636363636363,0.5329642857142858,0.5180714285714285,0.6022142857142857
S032,18,0.6747737526893616,0.0,0.5329999999999999,0.4775555555555555,0.5299444444444444
S032,19,0.6862064003944397,0.1363636363636363,0.6449687500000001,0.48159375,0.6639062500000001
S032,20,0.6674206852912903,0.2142857142857142,0.5209444444444444,0.5537222222222221,0.6469444444444444
S032,21,0.6851418018341064,0.0666666666666666,0.6250204081632653,0.4151020408163264,0.6267142857142857
S032,22,0.6678498387336731,0.0,0.5954615384615385,0.3743846153846153,0.6196153846153846
S032,23,0.6926259994506836,0.0,0.7078095238095239,0.3657380952380952,0.5220476190476191
S032,24,0.7035848498344421,0.0,0.6763,0.4397,0.5831999999999999
S032,25,0.6779552698135376,0.2,0.5913684210526315,0.5063684210526315,0.5935789473684211
S032,26,0.6844334006309509,0.0,0.6766363636363635,0.4504090909090909,0.6542727272727272
S032,27,0.6670114994049072,0.1111111111111111,0.5850000000000001,0.4273333333333333,0.5071666666666667
S032,28,0.678384006023407,0.0,0.687857142857143,0.3665714285714285,0.4964285714285714
S032,29,0.6954383254051208,0.0,0.6869615384615384,0.4785769230769231,0.6735000000000001
S032,30,0.7063108086585999,0.0,0.6866000000000001,0.38515,0.65195
S032,31,0.6957246661186218,0.0689655172413793,0.6769999999999999,0.4606829268292683,0.6195609756097561
S032,32,0.7016472220420837,0.1666666666666666,0.5461052631578948,0.4922105263157895,0.5438947368421053
S032,33,0.7054318189620972,0.1052631578947368,0.5893703703703704,0.4529259259259259,0.5349629629629631
S032,34,0.7032828330993652,0.24,0.5298709677419355,0.5355483870967742,0.602774193548387
S032,35,0.6779400110244751,0.0714285714285714,0.5815416666666667,0.3893749999999999,0.5302083333333333
S032,36,0.6814951300621033,0.0434782608695652,0.6581219512195121,0.4359756097560976,0.5916341463414635
S032,37,0.6812962293624878,0.04,0.6268461538461538,0.4418717948717948,0.5573076923076924
S032,38,0.69069504737854,0.1176470588235294,0.7220416666666667,0.5130833333333333,0.6402083333333334
S032,39,0.6731417179107666,0.032258064516129,0.607304347826087,0.4826304347826086,0.5974130434782609
S032,40,0.6777807474136353,0.1363636363636363,0.607275,0.485,0.5728000000000001
S032,41,0.6879340410232544,0.0,0.524875,0.4645,0.510625
S032,42,0.7015126943588257,0.2666666666666666,0.5246315789473684,0.4733157894736843,0.5944210526315791
S032,43,0.6685560345649719,0.0909090909090909,0.6684117647058825,0.4672941176470588,0.6283529411764706
S032,44,0.6677911281585693,0.0,0.6294722222222222,0.4722499999999999,0.5730277777777778
S032,45,0.6775704622268677,0.21875,0.6650666666666667,0.5195555555555557,0.706488888888889
S032,46,0.6800459623336792,0.1363636363636363,0.5329642857142858,0.5180714285714285,0.6022142857142857
S032,47,0.6747737526893616,0.0,0.5329999999999999,0.4775555555555555,0.5299444444444444
S032,48,0.6862064003944397,0.1363636363636363,0.6449687500000001,0.48159375,0.6639062500000001
S032,49,0.6674206852912903,0.2142857142857142,0.5209444444444444,0.5537222222222221,0.6469444444444444
S032,50,0.6851418018341064,0.0666666666666666,0.6250204081632653,0.4151020408163264,0.6267142857142857
S032,51,0.6678498387336731,0.0,0.5954615384615385,0.3743846153846153,0.6196153846153846
S032,52,0.6926259994506836,0.0,0.7078095238095239,0.3657380952380952,0.5220476190476191
S032,53,0.7035848498344421,0.0,0.6763,0.4397,0.5831999999999999
S032,54,0.6779552698135376,0.2,0.5913684210526315,0.5063684210526315,0.5935789473684211
S032,55,0.6844334006309509,0.0,0.6766363636363635,0.4504090909090909,0.6542727272727272
S032,56,0.6670114994049072,0.1111111111111111,0.5850000000000001,0.4273333333333333,0.5071666666666667
S032,57,0.678384006023407,0.0,0.687857142857143,0.3665714285714285,0.4964285714285714
S022,0,0.6870866417884827,0.0,0.6303703703703704,0.4183333333333333,0.5520987654320988
S022,1,0.6847777366638184,0.0212765957446808,0.6854230769230769,0.4585641025641027,0.6392692307692308
S022,2,0.6892676949501038,0.0588235294117647,0.6494166666666666,0.4172499999999999,0.5779375
S022,3,0.6900544166564941,0.02,0.670159090909091,0.4405568181818182,0.5879204545454546
S022,4,0.6731029152870178,0.0,0.6065396825396826,0.4681111111111111,0.6157460317460318
S022,5,0.6758115887641907,0.0526315789473684,0.6037884615384616,0.4653846153846154,0.5689230769230769
S022,6,0.6774749159812927,0.0909090909090909,0.6394909090909092,0.4448363636363638,0.6042909090909092
S022,7,0.6922996044158936,0.119047619047619,0.5543174603174604,0.4695714285714285,0.5572063492063493
S022,8,0.7012142539024353,0.0454545454545454,0.5466029411764706,0.4460441176470588,0.5571176470588234
S022,9,0.6800585389137268,0.1833333333333333,0.6381875000000001,0.4797375,0.6493125
S022,10,0.689409077167511,0.0465116279069767,0.6147575757575757,0.4272727272727272,0.6264848484848484
S022,11,0.6720906496047974,0.0333333333333333,0.5824878048780487,0.407609756097561,0.5870243902439024
S022,12,0.6985583901405334,0.1794871794871795,0.6613780487804878,0.4745243902439025,0.6236219512195121
S022,13,0.6870866417884827,0.0,0.6303703703703704,0.4183333333333333,0.5520987654320988
S022,14,0.6847777366638184,0.0212765957446808,0.6854230769230769,0.4585641025641027,0.6392692307692308
S022,15,0.6892676949501038,0.0588235294117647,0.6494166666666666,0.4172499999999999,0.5779375
S022,16,0.6900544166564941,0.02,0.670159090909091,0.4405568181818182,0.5879204545454546
S022,17,0.6731029152870178,0.0,0.6065396825396826,0.4681111111111111,0.6157460317460318
S022,18,0.6758115887641907,0.0526315789473684,0.6037884615384616,0.4653846153846154,0.5689230769230769
S022,19,0.6774749159812927,0.0909090909090909,0.6394909090909092,0.4448363636363638,0.6042909090909092
S022,20,0.6922996044158936,0.119047619047619,0.5543174603174604,0.4695714285714285,0.5572063492063493
S022,21,0.7012142539024353,0.0454545454545454,0.5466029411764706,0.4460441176470588,0.5571176470588234
S022,22,0.6800585389137268,0.1833333333333333,0.6381875000000001,0.4797375,0.6493125
S022,23,0.689409077167511,0.0465116279069767,0.6147575757575757,0.4272727272727272,0.6264848484848484
S022,24,0.6720906496047974,0.0333333333333333,0.5824878048780487,0.407609756097561,0.5870243902439024
S022,25,0.6985583901405334,0.1794871794871795,0.6613780487804878,0.4745243902439025,0.6236219512195121
S040,0,0.6926651000976562,0.037037037037037,0.628952380952381,0.4534523809523809,0.5782619047619048
S040,1,0.687920868396759,0.0,0.6271842105263158,0.4298684210526316,0.5829210526315789
S040,2,0.6931923627853394,0.0232558139534883,0.6904776119402987,0.4373582089552238,0.6254776119402986
S040,3,0.6950882077217102,0.0204081632653061,0.6647733333333334,0.4233333333333333,0.5450399999999999
S040,4,0.6854652762413025,0.0,0.6365138888888888,0.4374166666666667,0.5756666666666667
S040,5,0.6973769664764404,0.0363636363636363,0.6520405405405406,0.4369324324324324,0.5507567567567567
S040,6,0.7026123404502869,0.0,0.6408055555555555,0.4328055555555556,0.5761944444444445
S040,7,0.69039386510849,0.0,0.6924444444444444,0.4326481481481482,0.6098148148148148
S040,8,0.6735612154006958,0.0,0.958,0.353,0.526
S040,9,0.6926651000976562,0.037037037037037,0.628952380952381,0.4534523809523809,0.5782619047619048
S040,10,0.687920868396759,0.0,0.6271842105263158,0.4298684210526316,0.5829210526315789
S040,11,0.6931923627853394,0.0232558139534883,0.6904776119402987,0.4373582089552238,0.6254776119402986
S040,12,0.6950882077217102,0.0204081632653061,0.6647733333333334,0.4233333333333333,0.5450399999999999
S040,13,0.6854652762413025,0.0,0.6365138888888888,0.4374166666666667,0.5756666666666667
S040,14,0.6973769664764404,0.0363636363636363,0.6520405405405406,0.4369324324324324,0.5507567567567567
S040,15,0.7026123404502869,0.0,0.6408055555555555,0.4328055555555556,0.5761944444444445
S040,16,0.69039386510849,0.0,0.6924444444444444,0.4326481481481482,0.6098148148148148
S040,17,0.6735612154006958,0.0,0.958,0.353,0.526
S004,0,0.6712663769721985,0.0,0.6325384615384615,0.382,0.6110769230769232
S004,1,0.6742841601371765,0.0,0.6428524590163934,0.386655737704918,0.5584262295081969
S004,2,0.6768723726272583,0.0333333333333333,0.6336666666666666,0.4199354838709677,0.6322150537634409
S004,3,0.6782848834991455,0.09375,0.6181590909090909,0.434659090909091,0.5921590909090909
S004,4,0.6716897487640381,0.0434782608695652,0.646,0.3912105263157894,0.5872105263157893
S004,5,0.6887201070785522,0.0789473684210526,0.5871857142857143,0.4110571428571428,0.5642142857142858
S004,6,0.7065566182136536,0.12,0.6045416666666666,0.460875,0.5669375
S004,7,0.6991714835166931,0.2,0.5552040816326531,0.4705510204081632,0.5529183673469389
S004,8,0.6786450147628784,0.054054054054054,0.6600645161290324,0.4298870967741935,0.5981451612903226
S004,9,0.6973578333854675,0.032258064516129,0.5925178571428571,0.4199464285714285,0.5218392857142857
S004,10,0.6936809420585632,0.0,0.672703125,0.41175,0.576546875
S004,11,0.6866175532341003,0.0434782608695652,0.6747333333333333,0.3937111111111112,0.5433333333333333
S004,12,0.6921243667602539,0.0,0.657140625,0.4257499999999999,0.579109375
S004,13,0.6829157471656799,0.08,0.623547619047619,0.4601785714285714,0.5966904761904761
S004,14,0.6704115867614746,0.0,0.6432307692307693,0.3727692307692308,0.5890000000000001
S004,15,0.6835206151008606,0.04,0.650560975609756,0.4662682926829268,0.6332926829268293
S004,16,0.6961268186569214,0.1363636363636363,0.7066585365853658,0.4235121951219512,0.6168536585365854
S005,0,0.7021684050559998,0.1818181818181818,0.5512162162162164,0.4294864864864864,0.5436756756756755
S005,1,0.6913217306137085,0.0425531914893617,0.6543692307692307,0.4683230769230769,0.5874615384615384
S005,2,0.6769256591796875,0.03125,0.6759795918367346,0.4453265306122448,0.628734693877551
S005,3,0.6869832277297974,0.1,0.6078484848484847,0.4453939393939394,0.6230606060606061
S005,4,0.6745738387107849,0.2,0.5446896551724137,0.4784482758620689,0.5987586206896552
S005,5,0.6768139004707336,0.2857142857142857,0.6176521739130435,0.4644347826086957,0.6120434782608695
S005,6,0.6917436718940735,0.0454545454545454,0.5885161290322581,0.4963548387096774,0.5962903225806451
S005,7,0.6932136416435242,0.2727272727272727,0.495829268292683,0.5807804878048781,0.578390243902439
S005,8,0.6866084337234497,0.2105263157894736,0.5254193548387097,0.572,0.6443548387096775
S005,9,0.6809466481208801,0.0952380952380952,0.6512500000000001,0.51275,0.6953125
S005,10,0.6713418960571289,0.0,0.5793928571428572,0.3641785714285714,0.5091785714285715
S005,11,0.6749380230903625,0.0357142857142857,0.6124468085106383,0.4196382978723404,0.528127659574468
S005,12,0.643577516078949,0.0,,,
S005,13,0.6810107231140137,0.0588235294117647,0.6395454545454545,0.461840909090909,0.598659090909091
S005,14,0.6862748861312866,0.0606060606060606,0.6790961538461537,0.4608653846153845,0.6322115384615384
S005,15,0.7079481482505798,0.0526315789473684,0.5927209302325582,0.4788953488372094,0.5568837209302326
S005,16,0.6724817752838135,0.0681818181818181,0.6739508196721312,0.4602459016393442,0.6230327868852459
S005,17,0.6727432608604431,0.0588235294117647,0.5997538461538462,0.485,0.632523076923077
S005,18,0.674953281879425,0.1428571428571428,0.6328360655737704,0.5450819672131147,0.7028196721311474
S005,19,0.6860378384590149,0.1818181818181818,0.5880434782608696,0.5644130434782609,0.6378695652173914
S005,20,0.6965406537055969,0.0,0.715446153846154,0.4370461538461538,0.6219538461538463
S005,21,0.7013946175575256,0.1020408163265306,0.6586282051282052,0.4715897435897436,0.6418076923076923
S005,22,0.6995358467102051,0.12,0.6413478260869565,0.4202173913043479,0.5706521739130435
S005,23,0.69182950258255,0.1,0.7161692307692308,0.4652615384615384,0.6415538461538463
S005,24,0.6977424025535583,0.1272727272727272,0.5562345679012346,0.511641975308642,0.5655555555555556
S005,25,0.7021684050559998,0.1818181818181818,0.5512162162162164,0.4294864864864864,0.5436756756756755
S005,26,0.6913217306137085,0.0425531914893617,0.6543692307692307,0.4683230769230769,0.5874615384615384
S005,27,0.6769256591796875,0.03125,0.6759795918367346,0.4453265306122448,0.628734693877551
S005,28,0.6869832277297974,0.1,0.6078484848484847,0.4453939393939394,0.6230606060606061
S005,29,0.6745738387107849,0.2,0.5446896551724137,0.4784482758620689,0.5987586206896552
S005,30,0.6768139004707336,0.2857142857142857,0.6176521739130435,0.4644347826086957,0.6120434782608695
S005,31,0.6917436718940735,0.0454545454545454,0.5885161290322581,0.4963548387096774,0.5962903225806451
S005,32,0.6932136416435242,0.2727272727272727,0.495829268292683,0.5807804878048781,0.578390243902439
S005,33,0.6866084337234497,0.2105263157894736,0.5254193548387097,0.572,0.6443548387096775
S005,34,0.6809466481208801,0.0952380952380952,0.6512500000000001,0.51275,0.6953125
S005,35,0.6713418960571289,0.0,0.5793928571428572,0.3641785714285714,0.5091785714285715
S005,36,0.6749380230903625,0.0357142857142857,0.6124468085106383,0.4196382978723404,0.528127659574468
S005,37,0.643577516078949,0.0,,,
S005,38,0.6810107231140137,0.0588235294117647,0.6395454545454545,0.461840909090909,0.598659090909091
S005,39,0.6862748861312866,0.0606060606060606,0.6790961538461537,0.4608653846153845,0.6322115384615384
S005,40,0.7079481482505798,0.0526315789473684,0.5927209302325582,0.4788953488372094,0.5568837209302326
S005,41,0.6724817752838135,0.0681818181818181,0.6739508196721312,0.4602459016393442,0.6230327868852459
S005,42,0.6727432608604431,0.0588235294117647,0.5997538461538462,0.485,0.632523076923077
S005,43,0.674953281879425,0.1428571428571428,0.6328360655737704,0.5450819672131147,0.7028196721311474
S005,44,0.6860378384590149,0.1818181818181818,0.5880434782608696,0.5644130434782609,0.6378695652173914
S005,45,0.6965406537055969,0.0,0.715446153846154,0.4370461538461538,0.6219538461538463
S005,46,0.7013946175575256,0.1020408163265306,0.6586282051282052,0.4715897435897436,0.6418076923076923
S005,47,0.6995358467102051,0.12,0.6413478260869565,0.4202173913043479,0.5706521739130435
S005,48,0.69182950258255,0.1,0.7161692307692308,0.4652615384615384,0.6415538461538463
S005,49,0.6977424025535583,0.1272727272727272,0.5562345679012346,0.511641975308642,0.5655555555555556
S015,0,0.7104507684707642,0.0,0.7470769230769232,0.4119230769230769,0.5487692307692307
S015,1,0.7032417058944702,0.0,0.7449199999999999,0.4078799999999999,0.56424
S015,2,0.6858218908309937,0.1739130434782608,0.6262068965517241,0.4988965517241379,0.612241379310345
S015,3,0.6842848062515259,0.0,0.6785555555555556,0.4547037037037037,0.6690740740740742
S015,4,0.676215410232544,0.032258064516129,0.643904761904762,0.3974523809523809,0.6202619047619048
S015,5,0.6945476531982422,0.0,0.6311351351351352,0.4138918918918919,0.6244864864864865
S015,6,0.6821178793907166,0.027027027027027,0.6467818181818183,0.4422,0.5868545454545455
S015,7,0.6643713712692261,0.1388888888888889,0.5759245283018868,0.4713207547169811,0.6099433962264152
S015,8,0.6813797950744629,0.0,0.60875,0.4537916666666666,0.6525833333333333
S015,9,0.6765735149383545,0.2222222222222222,0.5786875,0.4625,0.6074375000000001
S015,10,0.7143159508705139,0.0,0.6008,0.422,0.5458
S015,11,0.6805063486099243,0.0967741935483871,0.6253709677419356,0.4353387096774193,0.6013548387096774
S015,12,0.6826829314231873,0.04,0.6498684210526317,0.4494210526315788,0.5991578947368421
S015,13,0.6846481561660767,0.0,0.6551333333333333,0.4345333333333333,0.5837
S015,14,0.6782850623130798,0.0,0.6572142857142855,0.407,0.6404285714285715
S015,15,0.6914985775947571,0.0,0.6619795918367346,0.4304285714285714,0.638265306122449
S015,16,0.6897398233413696,0.0,0.6534126984126986,0.412047619047619,0.52915873015873
S015,17,0.6828956007957458,0.0,0.7045384615384616,0.4553846153846153,0.638576923076923
S015,18,0.7052076458930969,0.2307692307692307,0.6621071428571429,0.4568214285714286,0.6329642857142856
S015,19,0.6942911744117737,0.0303030303030303,0.7079137931034483,0.4100172413793104,0.6092241379310345
S015,20,0.6899609565734863,0.0666666666666666,0.6638297872340426,0.4520425531914894,0.6056382978723405
S015,21,0.7104507684707642,0.0,0.7470769230769232,0.4119230769230769,0.5487692307692307
S015,22,0.7032417058944702,0.0,0.7449199999999999,0.4078799999999999,0.56424
S015,23,0.6858218908309937,0.1739130434782608,0.6262068965517241,0.4988965517241379,0.612241379310345
S015,24,0.6842848062515259,0.0,0.6785555555555556,0.4547037037037037,0.6690740740740742
S015,25,0.676215410232544,0.032258064516129,0.643904761904762,0.3974523809523809,0.6202619047619048
S015,26,0.6945476531982422,0.0,0.6311351351351352,0.4138918918918919,0.6244864864864865
S015,27,0.6821178793907166,0.027027027027027,0.6467818181818183,0.4422,0.5868545454545455
S015,28,0.6643713712692261,0.1388888888888889,0.5759245283018868,0.4713207547169811,0.6099433962264152
S015,29,0.6813797950744629,0.0,0.60875,0.4537916666666666,0.6525833333333333
S015,30,0.6765735149383545,0.2222222222222222,0.5786875,0.4625,0.6074375000000001
S015,31,0.7143159508705139,0.0,0.6008,0.422,0.5458
S015,32,0.6805063486099243,0.0967741935483871,0.6253709677419356,0.4353387096774193,0.6013548387096774
S015,33,0.6826829314231873,0.04,0.6498684210526317,0.4494210526315788,0.5991578947368421
S015,34,0.6846481561660767,0.0,0.6551333333333333,0.4345333333333333,0.5837
S015,35,0.6782850623130798,0.0,0.6572142857142855,0.407,0.6404285714285715
S015,36,0.6914985775947571,0.0,0.6619795918367346,0.4304285714285714,0.638265306122449
S015,37,0.6897398233413696,0.0,0.6534126984126986,0.412047619047619,0.52915873015873
S015,38,0.6828956007957458,0.0,0.7045384615384616,0.4553846153846153,0.638576923076923
S015,39,0.7052076458930969,0.2307692307692307,0.6621071428571429,0.4568214285714286,0.6329642857142856
S015,40,0.6942911744117737,0.0303030303030303,0.7079137931034483,0.4100172413793104,0.6092241379310345
S015,41,0.6899609565734863,0.0666666666666666,0.6638297872340426,0.4520425531914894,0.6056382978723405
S023,0,0.6965670585632324,0.0,0.731,0.359,0.4634
S023,1,0.715577244758606,0.0185185185185185,0.6768876404494383,0.4298651685393257,0.6241797752808987
S023,2,0.6930393576622009,0.0,0.7013333333333334,0.5035833333333333,0.6611666666666667
S023,3,0.697647213935852,0.0444444444444444,0.6741875,0.440625,0.5881000000000001
S023,4,0.7066837549209595,0.0476190476190476,0.6494444444444446,0.4464666666666666,0.5601111111111111
S023,5,0.7028530836105347,0.1379310344827586,0.6090612244897959,0.4787142857142856,0.6275306122448979
S023,6,0.7080873250961304,0.1363636363636363,0.6110625,0.51909375,0.62065625
S023,7,0.6868237257003784,0.1785714285714285,0.5745,0.4466190476190476,0.5663333333333334
S023,8,0.6805887818336487,0.0434782608695652,0.6991538461538459,0.4601794871794871,0.6441538461538463
S023,9,0.6863216161727905,0.074074074074074,0.6393181818181818,0.4507727272727271,0.5964772727272728
S023,10,0.6690869331359863,0.0,0.6352173913043478,0.433891304347826,0.5874347826086955
S023,11,0.6889025568962097,0.08,0.6097647058823529,0.4859411764705882,0.5652647058823529
S023,12,0.6831506490707397,0.0,0.8125,0.5509999999999999,0.8115
S023,13,0.6705312132835388,0.0,0.7883333333333334,0.4846666666666666,0.7776666666666667
S023,14,0.6831506490707397,0.0,0.8125,0.5509999999999999,0.8115
S023,15,0.6928244233131409,0.0,0.8125,0.5509999999999999,0.8115
S023,16,0.6776577830314636,0.0238095238095238,0.6502656250000001,0.4741875,0.5995625
S023,17,0.6763666868209839,0.25,0.6628461538461539,0.5265128205128204,0.6972564102564104
S023,18,0.6781903505325317,0.0681818181818181,0.567857142857143,0.4957777777777778,0.595079365079365
S023,19,0.6810339093208313,0.1764705882352941,0.6072297297297298,0.458581081081081,0.619418918918919
S023,20,0.6839537620544434,0.027027027027027,0.6272413793103448,0.405551724137931,0.6063448275862069
S023,21,0.6930223107337952,0.1153846153846153,0.5808043478260868,0.4868913043478259,0.567304347826087
S023,22,0.6792363524436951,0.0,,,
S023,23,0.6890237927436829,0.1,0.6548484848484848,0.4771414141414141,0.6053232323232324
S023,24,0.6965670585632324,0.0,0.731,0.359,0.4634
S023,25,0.715577244758606,0.0185185185185185,0.6768876404494383,0.4298651685393257,0.6241797752808987
S023,26,0.6930393576622009,0.0,0.7013333333333334,0.5035833333333333,0.6611666666666667
S023,27,0.697647213935852,0.0444444444444444,0.6741875,0.440625,0.5881000000000001
S023,28,0.7066837549209595,0.0476190476190476,0.6494444444444446,0.4464666666666666,0.5601111111111111
S023,29,0.7028530836105347,0.1379310344827586,0.6090612244897959,0.4787142857142856,0.6275306122448979
S023,30,0.7080873250961304,0.1363636363636363,0.6110625,0.51909375,0.62065625
S023,31,0.6868237257003784,0.1785714285714285,0.5745,0.4466190476190476,0.5663333333333334
S023,32,0.6805887818336487,0.0434782608695652,0.6991538461538459,0.4601794871794871,0.6441538461538463
S023,33,0.6863216161727905,0.074074074074074,0.6393181818181818,0.4507727272727271,0.5964772727272728
S023,34,0.6690869331359863,0.0,0.6352173913043478,0.433891304347826,0.5874347826086955
S023,35,0.6889025568962097,0.08,0.6097647058823529,0.4859411764705882,0.5652647058823529
S023,36,0.6831506490707397,0.0,0.8125,0.5509999999999999,0.8115
S023,37,0.6705312132835388,0.0,0.7883333333333334,0.4846666666666666,0.7776666666666667
S023,38,0.6831506490707397,0.0,0.8125,0.5509999999999999,0.8115
S023,39,0.6928244233131409,0.0,0.8125,0.5509999999999999,0.8115
S023,40,0.6776577830314636,0.0238095238095238,0.6502656250000001,0.4741875,0.5995625
S023,41,0.6763666868209839,0.25,0.6628461538461539,0.5265128205128204,0.6972564102564104
S023,42,0.6781903505325317,0.0681818181818181,0.567857142857143,0.4957777777777778,0.595079365079365
S023,43,0.6810339093208313,0.1764705882352941,0.6072297297297298,0.458581081081081,0.619418918918919
S023,44,0.6839537620544434,0.027027027027027,0.6272413793103448,0.405551724137931,0.6063448275862069
S023,45,0.6930223107337952,0.1153846153846153,0.5808043478260868,0.4868913043478259,0.567304347826087
S023,46,0.6792363524436951,0.0,,,
S023,47,0.6890237927436829,0.1,0.6548484848484848,0.4771414141414141,0.6053232323232324
S033,0,0.6886162757873535,0.0,0.6143647058823529,0.4432588235294117,0.5443294117647058
S033,1,0.692509114742279,0.0408163265306122,0.6725696202531645,0.4856329113924051,0.6140253164556962
S033,2,0.6937620043754578,0.0222222222222222,0.6453376623376623,0.4214025974025973,0.5705974025974027
S033,3,0.7040348649024963,0.0,0.6969411764705882,0.4251372549019608,0.6119411764705883
S033,4,0.6959116458892822,0.0144927536231884,0.669,0.4532828282828283,0.5531212121212121
S033,5,0.6941857933998108,0.0,0.62075,0.3792499999999999,0.5605833333333334
S033,6,0.6895872354507446,0.0204081632653061,0.6618472222222223,0.4567638888888889,0.6002916666666667
S033,7,0.6875906586647034,0.0769230769230769,0.6246923076923078,0.4299358974358975,0.5586025641025641
S033,8,0.6953972578048706,0.024390243902439,0.6403026315789475,0.4368947368421054,0.5793552631578948
S033,9,0.675487756729126,0.0,0.7041052631578948,0.3769473684210526,0.5667368421052632
S033,10,0.6636854410171509,0.0,0.5656666666666667,0.3779999999999999,0.5486666666666667
S033,11,0.6791801452636719,0.1282051282051282,0.5951525423728814,0.4410169491525423,0.5426779661016948
S033,12,0.679597795009613,0.1034482758620689,0.64496,0.40898,0.60594
S033,13,0.6997683048248291,0.1,0.6004457831325302,0.4414819277108434,0.5450843373493975
S033,14,0.6890069842338562,0.064516129032258,0.624982456140351,0.3998421052631579,0.5759649122807017
S033,15,0.7004228830337524,0.1,0.5974571428571429,0.3994,0.4779142857142857
S033,16,0.6937516927719116,0.1489361702127659,0.5245737704918032,0.5089180327868853,0.5612459016393443
S033,17,0.6979655623435974,0.24,0.5412250000000001,0.4885,0.5366
S033,18,0.6933359503746033,0.0833333333333333,0.58504,0.42472,0.50628
S033,19,0.6852686405181885,0.108695652173913,0.6043548387096775,0.4698064516129032,0.5730645161290323
S033,20,0.6886162757873535,0.0,0.6143647058823529,0.4432588235294117,0.5443294117647058
S033,21,0.692509114742279,0.0408163265306122,0.6725696202531645,0.4856329113924051,0.6140253164556962
S033,22,0.6937620043754578,0.0222222222222222,0.6453376623376623,0.4214025974025973,0.5705974025974027
S033,23,0.7040348649024963,0.0,0.6969411764705882,0.4251372549019608,0.6119411764705883
S033,24,0.6959116458892822,0.0144927536231884,0.669,0.4532828282828283,0.5531212121212121
S033,25,0.6941857933998108,0.0,0.62075,0.3792499999999999,0.5605833333333334
S033,26,0.6895872354507446,0.0204081632653061,0.6618472222222223,0.4567638888888889,0.6002916666666667
S033,27,0.6875906586647034,0.0769230769230769,0.6246923076923078,0.4299358974358975,0.5586025641025641
S033,28,0.6953972578048706,0.024390243902439,0.6403026315789475,0.4368947368421054,0.5793552631578948
S033,29,0.675487756729126,0.0,0.7041052631578948,0.3769473684210526,0.5667368421052632
S033,30,0.6636854410171509,0.0,0.5656666666666667,0.3779999999999999,0.5486666666666667
S033,31,0.6791801452636719,0.1282051282051282,0.5951525423728814,0.4410169491525423,0.5426779661016948
S033,32,0.679597795009613,0.1034482758620689,0.64496,0.40898,0.60594
S033,33,0.6997683048248291,0.1,0.6004457831325302,0.4414819277108434,0.5450843373493975
S033,34,0.6890069842338562,0.064516129032258,0.624982456140351,0.3998421052631579,0.5759649122807017
S033,35,0.7004228830337524,0.1,0.5974571428571429,0.3994,0.4779142857142857
S033,36,0.6937516927719116,0.1489361702127659,0.5245737704918032,0.5089180327868853,0.5612459016393443
S033,37,0.6979655623435974,0.24,0.5412250000000001,0.4885,0.5366
S033,38,0.6933359503746033,0.0833333333333333,0.58504,0.42472,0.50628
S033,39,0.6852686405181885,0.108695652173913,0.6043548387096775,0.4698064516129032,0.5730645161290323
S041,0,0.6848815679550171,0.0714285714285714,0.6901428571428571,0.4504761904761905,0.6572380952380952
S041,1,0.7045247554779053,0.0666666666666666,0.6970217391304349,0.4075869565217391,0.5788586956521741
S041,2,0.703238308429718,0.1196581196581196,0.6321173184357542,0.4666368715083798,0.5988044692737431
S041,3,0.6888920664787292,0.1176470588235294,0.5990666666666667,0.4664333333333333,0.5855
S041,4,0.6975734233856201,0.0625,0.5737714285714285,0.4416571428571428,0.5586857142857142
S041,5,0.6835817098617554,0.0350877192982456,0.6911333333333334,0.4568933333333335,0.64864
S041,6,0.6904224753379822,0.0,0.6571379310344828,0.439655172413793,0.583448275862069
S041,7,0.703059732913971,0.0434782608695652,0.731787234042553,0.4395957446808511,0.6055531914893617
S041,8,0.6918565034866333,0.0526315789473684,0.6273,0.3716999999999999,0.5531333333333334
S041,9,0.7122628092765808,0.2,0.5628947368421052,0.4875368421052631,0.5514421052631581
S041,10,0.6896201968193054,0.0,0.6608076923076923,0.4392692307692308,0.5816923076923077
S041,11,0.6905307769775391,0.1025641025641025,0.5750645161290323,0.4456774193548387,0.5240645161290323
S041,12,0.7074306011199951,0.1206896551724138,0.485972972972973,0.5355000000000001,0.5311756756756756
S041,13,0.6788356900215149,0.0,0.6300357142857143,0.4157321428571428,0.5824642857142858
S041,14,0.6788058876991272,0.0526315789473684,0.6974999999999999,0.4567666666666667,0.6240666666666667
S041,15,0.6651232838630676,0.0454545454545454,0.6466666666666667,0.4782222222222222,0.629
S041,16,0.6737019419670105,0.0,0.6499999999999999,0.4470909090909091,0.6021818181818183
S041,17,0.6841352581977844,0.0909090909090909,0.6409166666666667,0.4454791666666666,0.5958125
S041,18,0.6881903409957886,0.1041666666666666,0.6865555555555556,0.4292777777777778,0.6361388888888889
S007,0,0.7000882029533386,0.0625,0.668549295774648,0.4863521126760564,0.5901549295774648
S007,1,0.7247987985610962,0.0,0.7463835616438357,0.3972602739726027,0.5873287671232876
S007,2,0.6913188099861145,0.0,0.6319285714285714,0.4445,0.5948095238095238
S007,3,0.6774393320083618,0.0769230769230769,0.5621904761904761,0.4901428571428572,0.565857142857143
S007,4,0.6644312739372253,0.0,0.6487499999999999,0.4801499999999999,0.62755
S007,5,0.6695740222930908,0.0,0.5608888888888889,0.4033333333333333,0.4683888888888888
S007,6,0.686655580997467,0.0555555555555555,0.686060606060606,0.4443030303030303,0.6153636363636363
S007,7,0.6838223934173584,0.0789473684210526,0.6735344827586206,0.4760689655172413,0.6759310344827587
S007,8,0.7024442553520203,0.0303030303030303,0.6591,0.37656,0.5528000000000001
S007,9,0.6981229186058044,0.0625,0.6527826086956522,0.470304347826087,0.585
S007,10,0.6861988306045532,0.0,0.6425757575757576,0.4289090909090909,0.5633636363636364
S007,11,0.6838874816894531,0.0416666666666666,0.6585909090909091,0.409659090909091,0.561068181818182
S007,12,0.6847974061965942,0.0,0.6285714285714284,0.4036071428571429,0.5357500000000001
S007,13,0.6892791986465454,0.0,0.6687142857142857,0.5051428571428571,0.6421428571428571
S007,14,0.6891027092933655,0.0263157894736842,0.6221166666666668,0.4225000000000001,0.5875166666666668
S007,15,0.6805343627929688,0.0,0.5983396226415095,0.4618301886792452,0.5887924528301888
S007,16,0.6916541457176208,0.05,0.6302395833333333,0.4532916666666666,0.5617187499999999
S007,17,0.6939405202865601,0.1304347826086956,0.5703416149068323,0.4926521739130435,0.5909192546583851
S007,18,0.6867427825927734,0.0,0.659470588235294,0.4638676470588235,0.5917941176470588
S007,19,0.6939550638198853,0.0625,0.6817586206896552,0.3935862068965517,0.5891379310344829
S007,20,0.6910625696182251,0.25,0.6274285714285714,0.4290714285714286,0.5307142857142858
S007,21,0.7000882029533386,0.0625,0.668549295774648,0.4863521126760564,0.5901549295774648
S007,22,0.7247987985610962,0.0,0.7463835616438357,0.3972602739726027,0.5873287671232876
S007,23,0.6913188099861145,0.0,0.6319285714285714,0.4445,0.5948095238095238
S007,24,0.6774393320083618,0.0769230769230769,0.5621904761904761,0.4901428571428572,0.565857142857143
S007,25,0.6644312739372253,0.0,0.6487499999999999,0.4801499999999999,0.62755
S007,26,0.6695740222930908,0.0,0.5608888888888889,0.4033333333333333,0.4683888888888888
S007,27,0.686655580997467,0.0555555555555555,0.686060606060606,0.4443030303030303,0.6153636363636363
S007,28,0.6838223934173584,0.0789473684210526,0.6735344827586206,0.4760689655172413,0.6759310344827587
S007,29,0.7024442553520203,0.0303030303030303,0.6591,0.37656,0.5528000000000001
S007,30,0.6981229186058044,0.0625,0.6527826086956522,0.470304347826087,0.585
S007,31,0.6861988306045532,0.0,0.6425757575757576,0.4289090909090909,0.5633636363636364
S007,32,0.6838874816894531,0.0416666666666666,0.6585909090909091,0.409659090909091,0.561068181818182
S007,33,0.6847974061965942,0.0,0.6285714285714284,0.4036071428571429,0.5357500000000001
S007,34,0.6892791986465454,0.0,0.6687142857142857,0.5051428571428571,0.6421428571428571
S007,35,0.6891027092933655,0.0263157894736842,0.6221166666666668,0.4225000000000001,0.5875166666666668
S007,36,0.6805343627929688,0.0,0.5983396226415095,0.4618301886792452,0.5887924528301888
S007,37,0.6916541457176208,0.05,0.6302395833333333,0.4532916666666666,0.5617187499999999
S007,38,0.6939405202865601,0.1304347826086956,0.5703416149068323,0.4926521739130435,0.5909192546583851
S007,39,0.6867427825927734,0.0,0.659470588235294,0.4638676470588235,0.5917941176470588
S007,40,0.6939550638198853,0.0625,0.6817586206896552,0.3935862068965517,0.5891379310344829
S007,41,0.6910625696182251,0.25,0.6274285714285714,0.4290714285714286,0.5307142857142858
S028,0,0.7157483100891113,0.0,0.7194583333333333,0.4316666666666666,0.6388541666666666
S028,1,0.689028799533844,0.0,0.6390625,0.4661666666666667,0.5973333333333333
S028,2,0.6941685676574707,0.1666666666666666,0.5635428571428571,0.5055428571428571,0.6297714285714286
S028,3,0.6882033348083496,0.1785714285714285,0.653390243902439,0.5160731707317073,0.6390487804878049
S028,4,0.6806847453117371,0.15625,0.6949285714285715,0.5224761904761905,0.6678333333333333
S028,5,0.6816487312316895,0.0,0.7288709677419357,0.5000322580645161,0.6670967741935484
S028,6,0.6863843202590942,0.0136986301369863,0.6611752577319587,0.4521443298969071,0.6343814432989691
S028,7,0.6938961744308472,0.0416666666666666,0.6776315789473685,0.5329736842105263,0.6114999999999998
S028,8,0.727582573890686,0.0,0.695857142857143,0.3262499999999999,0.4908571428571427
S028,9,0.6918854713439941,0.0833333333333333,0.7372424242424243,0.4276060606060605,0.5989696969696969
S028,10,0.6830817461013794,0.0344827586206896,0.605857142857143,0.4521666666666666,0.6048095238095238
S028,11,0.6865736842155457,0.0476190476190476,0.69934375,0.4813437499999999,0.6180625
S028,12,0.6853703260421753,0.0566037735849056,0.646,0.4454090909090908,0.5760681818181819
S028,13,0.6842522025108337,0.1923076923076923,0.6130652173913045,0.5172391304347826,0.617891304347826
S028,14,0.6828761100769043,0.0238095238095238,0.614109375,0.443875,0.5953437500000001
S028,15,0.6834902763366699,0.1702127659574468,0.5827058823529412,0.5300588235294118,0.6517647058823529
S028,16,0.6854750514030457,0.0606060606060606,0.675377358490566,0.4410377358490566,0.6079811320754718
S028,17,0.6732182502746582,0.1578947368421052,0.686516129032258,0.5009032258064515,0.639258064516129
S028,18,0.7157483100891113,0.0,0.7194583333333333,0.4316666666666666,0.6388541666666666
S028,19,0.689028799533844,0.0,0.6390625,0.4661666666666667,0.5973333333333333
S028,20,0.6941685676574707,0.1666666666666666,0.5635428571428571,0.5055428571428571,0.6297714285714286
S028,21,0.6882033348083496,0.1785714285714285,0.653390243902439,0.5160731707317073,0.6390487804878049
S028,22,0.6806847453117371,0.15625,0.6949285714285715,0.5224761904761905,0.6678333333333333
S028,23,0.6816487312316895,0.0,0.7288709677419357,0.5000322580645161,0.6670967741935484
S028,24,0.6863843202590942,0.0136986301369863,0.6611752577319587,0.4521443298969071,0.6343814432989691
S028,25,0.6938961744308472,0.0416666666666666,0.6776315789473685,0.5329736842105263,0.6114999999999998
S028,26,0.727582573890686,0.0,0.695857142857143,0.3262499999999999,0.4908571428571427
S028,27,0.6918854713439941,0.0833333333333333,0.7372424242424243,0.4276060606060605,0.5989696969696969
S028,28,0.6830817461013794,0.0344827586206896,0.605857142857143,0.4521666666666666,0.6048095238095238
S028,29,0.6865736842155457,0.0476190476190476,0.69934375,0.4813437499999999,0.6180625
S028,30,0.6853703260421753,0.0566037735849056,0.646,0.4454090909090908,0.5760681818181819
S028,31,0.6842522025108337,0.1923076923076923,0.6130652173913045,0.5172391304347826,0.617891304347826
S028,32,0.6828761100769043,0.0238095238095238,0.614109375,0.443875,0.5953437500000001
S028,33,0.6834902763366699,0.1702127659574468,0.5827058823529412,0.5300588235294118,0.6517647058823529
S028,34,0.6854750514030457,0.0606060606060606,0.675377358490566,0.4410377358490566,0.6079811320754718
S028,35,0.6732182502746582,0.1578947368421052,0.686516129032258,0.5009032258064515,0.639258064516129
S021,0,0.6757522225379944,0.0,0.6393653846153846,0.4085384615384616,0.5757692307692307
S021,1,0.6942881941795349,0.0,0.67076,0.4658,0.6316200000000001
S021,2,0.6953276991844177,0.0571428571428571,0.7041960784313726,0.4867058823529411,0.6833725490196079
S021,3,0.6814355254173279,0.0277777777777777,0.665,0.4641818181818181,0.6460227272727272
S021,4,0.6888065934181213,0.0263157894736842,0.6985573770491803,0.4121967213114754,0.6264262295081969
S021,5,0.6901957988739014,0.0,0.6334464285714285,0.41425,0.552875
S021,6,0.7155935764312744,0.0277777777777777,0.7040535714285713,0.4706071428571428,0.5748392857142858
S021,7,0.6908442974090576,0.0,0.6128688524590166,0.4304098360655738,0.5542459016393442
S021,8,0.6902469396591187,0.0508474576271186,0.6213,0.4946444444444445,0.6183000000000001
S021,9,0.6903731822967529,0.027027027027027,0.5890350877192982,0.4684912280701754,0.5861754385964912
S021,10,0.6898999214172363,0.0625,0.550609756097561,0.4785609756097561,0.5379756097560975
S021,11,0.6887702941894531,0.0277777777777777,0.5771224489795919,0.4485102040816326,0.5652244897959184
S021,12,0.6659889221191406,0.0666666666666666,0.65,0.4642083333333333,0.572375
S021,13,0.6979964375495911,0.0769230769230769,0.6324307692307691,0.4622615384615384,0.6073538461538462
S021,14,0.6794685125350952,0.088235294117647,0.6012407407407407,0.4193888888888888,0.5436296296296297
S021,15,0.696891725063324,0.0294117647058823,0.5842857142857143,0.4474897959183673,0.5618163265306122
S021,16,0.6890848278999329,0.05,0.6475853658536586,0.4179268292682926,0.5841951219512196
S021,17,0.6700533032417297,0.0,0.6161666666666666,0.4221666666666666,0.5435416666666667
S021,18,0.6924241185188293,0.0476190476190476,0.6412686567164179,0.4826865671641792,0.5871492537313432
S021,19,0.676899790763855,0.1052631578947368,0.612925925925926,0.4932222222222221,0.5983456790123457
S021,20,0.6787337064743042,0.0227272727272727,0.6223823529411766,0.4333235294117648,0.5871029411764707
S021,21,0.6802487373352051,0.0,0.6766923076923077,0.3530769230769231,0.5612307692307692
S021,22,0.7018656134605408,0.0,0.753774193548387,0.4888709677419355,0.6898709677419355
S021,23,0.6757522225379944,0.0,0.6393653846153846,0.4085384615384616,0.5757692307692307
S021,24,0.6942881941795349,0.0,0.67076,0.4658,0.6316200000000001
S021,25,0.6953276991844177,0.0571428571428571,0.7041960784313726,0.4867058823529411,0.6833725490196079
S021,26,0.6814355254173279,0.0277777777777777,0.665,0.4641818181818181,0.6460227272727272
S021,27,0.6888065934181213,0.0263157894736842,0.6985573770491803,0.4121967213114754,0.6264262295081969
S021,28,0.6901957988739014,0.0,0.6334464285714285,0.41425,0.552875
S021,29,0.7155935764312744,0.0277777777777777,0.7040535714285713,0.4706071428571428,0.5748392857142858
S021,30,0.6908442974090576,0.0,0.6128688524590166,0.4304098360655738,0.5542459016393442
S021,31,0.6902469396591187,0.0508474576271186,0.6213,0.4946444444444445,0.6183000000000001
S021,32,0.6903731822967529,0.027027027027027,0.5890350877192982,0.4684912280701754,0.5861754385964912
S021,33,0.6898999214172363,0.0625,0.550609756097561,0.4785609756097561,0.5379756097560975
S021,34,0.6887702941894531,0.0277777777777777,0.5771224489795919,0.4485102040816326,0.5652244897959184
S021,35,0.6659889221191406,0.0666666666666666,0.65,0.4642083333333333,0.572375
S021,36,0.6979964375495911,0.0769230769230769,0.6324307692307691,0.4622615384615384,0.6073538461538462
S021,37,0.6794685125350952,0.088235294117647,0.6012407407407407,0.4193888888888888,0.5436296296296297
S021,38,0.696891725063324,0.0294117647058823,0.5842857142857143,0.4474897959183673,0.5618163265306122
S021,39,0.6890848278999329,0.05,0.6475853658536586,0.4179268292682926,0.5841951219512196
S021,40,0.6700533032417297,0.0,0.6161666666666666,0.4221666666666666,0.5435416666666667
S021,41,0.6924241185188293,0.0476190476190476,0.6412686567164179,0.4826865671641792,0.5871492537313432
S021,42,0.676899790763855,0.1052631578947368,0.612925925925926,0.4932222222222221,0.5983456790123457
S021,43,0.6787337064743042,0.0227272727272727,0.6223823529411766,0.4333235294117648,0.5871029411764707
S021,44,0.6802487373352051,0.0,0.6766923076923077,0.3530769230769231,0.5612307692307692
S021,45,0.7018656134605408,0.0,0.753774193548387,0.4888709677419355,0.6898709677419355
S042,0,0.684126079082489,0.0681818181818181,0.6573333333333334,0.415536231884058,0.6356956521739131
S042,1,0.6781838536262512,0.2121212121212121,0.6131999999999999,0.4580166666666666,0.643
S042,2,0.6667794585227966,0.0,0.677,0.622,0.973
S030,0,0.6799388527870178,0.0,0.6336666666666667,0.4213333333333333,0.4776666666666667
S030,1,0.7273635864257812,0.0,0.8200000000000002,0.3366666666666666,0.5003333333333333
S030,2,0.6967450380325317,0.0,0.7025853658536586,0.4602195121951219,0.6745121951219513
S030,3,0.6733261942863464,0.0,0.693888888888889,0.4245555555555556,0.4911111111111111
S030,4,0.6624428629875183,0.0,0.719,0.269,0.389
S030,5,0.6801989674568176,0.0,0.6993333333333333,0.5703333333333332,0.6526666666666666
S030,6,0.6941295862197876,0.0,0.606871794871795,0.4386153846153846,0.5768717948717949
S030,7,0.6867644786834717,0.0,0.7721428571428571,0.5257142857142857,0.6597142857142856
S030,8,0.6746655106544495,0.0434782608695652,0.68121875,0.47909375,0.6364375
S030,9,0.6849393248558044,0.0,0.6476470588235295,0.3785882352941176,0.5170882352941177
S030,10,0.6957572102546692,0.0555555555555555,0.7012083333333333,0.3628333333333333,0.6084999999999999
S030,11,0.6860795021057129,0.0,0.6774117647058824,0.4681764705882353,0.6135882352941177
S030,12,0.685725748538971,0.0666666666666666,0.6814285714285715,0.4132857142857143,0.5800714285714285
S030,13,0.6868614554405212,0.0,0.6524347826086957,0.4157826086956521,0.5576521739130434
S030,14,0.7013241648674011,0.0,0.6060689655172414,0.4252068965517241,0.547448275862069
S030,15,0.6826754212379456,0.0,0.6508181818181817,0.4155909090909092,0.5075000000000001
S030,16,0.6939509510993958,0.1111111111111111,0.5446000000000001,0.5233333333333333,0.5362666666666667
S030,17,0.6946256756782532,0.0,0.70395,0.4625,0.575275
S030,18,0.6964909434318542,0.0,0.5837,0.3512499999999999,0.5172
S030,19,0.6826329827308655,0.0,0.6748571428571429,0.4535357142857143,0.5981071428571428
S030,20,0.6621286273002625,0.0,0.6584,0.4644999999999998,0.6813999999999999
S030,21,0.6763705015182495,0.1,0.7081428571428571,0.4850714285714286,0.6786428571428572
S030,22,0.676000714302063,0.1,0.6375,0.4441249999999999,0.58775
S030,23,0.693824291229248,0.0,0.7104814814814815,0.4695185185185185,0.663925925925926
S030,24,0.6714078187942505,0.0714285714285714,0.6385263157894737,0.4332631578947368,0.5979473684210526
S030,25,0.6707488894462585,0.0,0.64,0.716,0.898
S030,26,0.6728015542030334,0.0,0.633,0.5063000000000001,0.6204
S030,27,0.6686243414878845,0.0,0.622375,0.403875,0.522375
S030,28,0.6675984859466553,0.0588235294117647,0.56225,0.5031000000000001,0.58255
S030,29,0.6578566431999207,0.1052631578947368,0.565,0.4561249999999999,0.5383749999999999
S030,30,0.6745374202728271,0.0,0.5519999999999999,0.4887999999999999,0.4559999999999999
S030,31,0.6853825449943542,0.0,0.54625,0.369625,0.45125
S030,32,0.6516290903091431,0.0833333333333333,0.5980000000000001,0.4342,0.5772666666666667
S030,33,0.6563394665718079,0.1111111111111111,0.5786153846153845,0.4813846153846154,0.573923076923077
S030,34,0.665657103061676,0.0,0.612142857142857,0.4695714285714286,0.5640000000000001
S030,35,0.6669113039970398,0.0,0.6282500000000001,0.4973333333333333,0.5375
S030,36,0.6810063123703003,0.25,0.5354545454545454,0.570409090909091,0.5419545454545455
S030,37,0.6716952323913574,0.0,0.6898000000000001,0.5151999999999999,0.6416000000000001
S030,38,0.6832132935523987,0.0,0.7653076923076922,0.4209230769230769,0.6842307692307692
S030,39,0.6623849272727966,0.0,0.6145000000000002,0.4916666666666667,0.6221666666666666
S030,40,0.6788139939308167,0.0909090909090909,0.5645555555555556,0.4425555555555556,0.5367222222222223
S030,41,0.6765824556350708,0.0,0.6328461538461537,0.4183076923076924,0.5726923076923076
S030,42,0.6587051153182983,0.0,0.6376666666666666,0.4288749999999999,0.557625
S030,43,0.6770193576812744,0.3333333333333333,0.5931111111111111,0.5765555555555556,0.6743333333333333
S030,44,0.6683987975120544,0.0,0.6872857142857143,0.53,0.7197142857142858
S030,45,0.679032564163208,0.0416666666666666,0.5871428571428573,0.4695428571428571,0.6211142857142856
S030,46,0.6780951619148254,0.0,0.6015,0.4609375,0.6003750000000001
S030,47,0.7041508555412292,0.0833333333333333,0.6517692307692309,0.4243461538461538,0.6181153846153846
S030,48,0.6756025552749634,0.125,0.664,0.4263333333333333,0.51375
S030,49,0.6766051650047302,0.0,0.67,0.24,0.554
S030,50,0.6924707293510437,0.1666666666666666,0.540483870967742,0.5278064516129032,0.5784838709677419
S030,51,0.6902584433555603,0.0,0.6614166666666667,0.4716666666666667,0.7039166666666667
S030,52,0.6773223280906677,0.1923076923076923,0.6810810810810809,0.4732702702702703,0.6567837837837839
S030,53,0.6798007488250732,0.0,0.7226666666666667,0.3971249999999999,0.6142500000000001
S030,54,0.7009632587432861,0.0,0.708923076923077,0.3983846153846154,0.6038461538461538
S030,55,0.6906320452690125,0.0,0.6187,0.3564,0.5111
S030,56,0.6881747841835022,0.0714285714285714,0.649375,0.42245,0.5559499999999999
S030,57,0.6715055108070374,0.0,0.8066666666666666,0.4873333333333334,0.7076666666666668
S030,58,0.694194495677948,0.0,0.7861666666666668,0.3875,0.7225
S030,59,0.6799388527870178,0.0,0.6336666666666667,0.4213333333333333,0.4776666666666667
S030,60,0.7273635864257812,0.0,0.8200000000000002,0.3366666666666666,0.5003333333333333
S030,61,0.6967450380325317,0.0,0.7025853658536586,0.4602195121951219,0.6745121951219513
S030,62,0.6733261942863464,0.0,0.693888888888889,0.4245555555555556,0.4911111111111111
S030,63,0.6624428629875183,0.0,0.719,0.269,0.389
S030,64,0.6801989674568176,0.0,0.6993333333333333,0.5703333333333332,0.6526666666666666
S030,65,0.6941295862197876,0.0,0.606871794871795,0.4386153846153846,0.5768717948717949
S030,66,0.6867644786834717,0.0,0.7721428571428571,0.5257142857142857,0.6597142857142856
S030,67,0.6746655106544495,0.0434782608695652,0.68121875,0.47909375,0.6364375
S030,68,0.6849393248558044,0.0,0.6476470588235295,0.3785882352941176,0.5170882352941177
S030,69,0.6957572102546692,0.0555555555555555,0.7012083333333333,0.3628333333333333,0.6084999999999999
S030,70,0.6860795021057129,0.0,0.6774117647058824,0.4681764705882353,0.6135882352941177
S030,71,0.685725748538971,0.0666666666666666,0.6814285714285715,0.4132857142857143,0.5800714285714285
S030,72,0.6868614554405212,0.0,0.6524347826086957,0.4157826086956521,0.5576521739130434
S030,73,0.7013241648674011,0.0,0.6060689655172414,0.4252068965517241,0.547448275862069
S030,74,0.6826754212379456,0.0,0.6508181818181817,0.4155909090909092,0.5075000000000001
S030,75,0.6939509510993958,0.1111111111111111,0.5446000000000001,0.5233333333333333,0.5362666666666667
S030,76,0.6946256756782532,0.0,0.70395,0.4625,0.575275
S030,77,0.6964909434318542,0.0,0.5837,0.3512499999999999,0.5172
S030,78,0.6826329827308655,0.0,0.6748571428571429,0.4535357142857143,0.5981071428571428
S030,79,0.6621286273002625,0.0,0.6584,0.4644999999999998,0.6813999999999999
S030,80,0.6763705015182495,0.1,0.7081428571428571,0.4850714285714286,0.6786428571428572
S030,81,0.676000714302063,0.1,0.6375,0.4441249999999999,0.58775
S030,82,0.693824291229248,0.0,0.7104814814814815,0.4695185185185185,0.663925925925926
S030,83,0.6714078187942505,0.0714285714285714,0.6385263157894737,0.4332631578947368,0.5979473684210526
S030,84,0.6707488894462585,0.0,0.64,0.716,0.898
S030,85,0.6728015542030334,0.0,0.633,0.5063000000000001,0.6204
S030,86,0.6686243414878845,0.0,0.622375,0.403875,0.522375
S030,87,0.6675984859466553,0.0588235294117647,0.56225,0.5031000000000001,0.58255
S030,88,0.6578566431999207,0.1052631578947368,0.565,0.4561249999999999,0.5383749999999999
S030,89,0.6745374202728271,0.0,0.5519999999999999,0.4887999999999999,0.4559999999999999
S030,90,0.6853825449943542,0.0,0.54625,0.369625,0.45125
S030,91,0.6516290903091431,0.0833333333333333,0.5980000000000001,0.4342,0.5772666666666667
S030,92,0.6563394665718079,0.1111111111111111,0.5786153846153845,0.4813846153846154,0.573923076923077
S030,93,0.665657103061676,0.0,0.612142857142857,0.4695714285714286,0.5640000000000001
S030,94,0.6669113039970398,0.0,0.6282500000000001,0.4973333333333333,0.5375
S030,95,0.6810063123703003,0.25,0.5354545454545454,0.570409090909091,0.5419545454545455
S030,96,0.6716952323913574,0.0,0.6898000000000001,0.5151999999999999,0.6416000000000001
S030,97,0.6832132935523987,0.0,0.7653076923076922,0.4209230769230769,0.6842307692307692
S030,98,0.6623849272727966,0.0,0.6145000000000002,0.4916666666666667,0.6221666666666666
S030,99,0.6788139939308167,0.0909090909090909,0.5645555555555556,0.4425555555555556,0.5367222222222223
S030,100,0.6765824556350708,0.0,0.6328461538461537,0.4183076923076924,0.5726923076923076
S030,101,0.6587051153182983,0.0,0.6376666666666666,0.4288749999999999,0.557625
S030,102,0.6770193576812744,0.3333333333333333,0.5931111111111111,0.5765555555555556,0.6743333333333333
S030,103,0.6683987975120544,0.0,0.6872857142857143,0.53,0.7197142857142858
S030,104,0.679032564163208,0.0416666666666666,0.5871428571428573,0.4695428571428571,0.6211142857142856
S030,105,0.6780951619148254,0.0,0.6015,0.4609375,0.6003750000000001
S030,106,0.7041508555412292,0.0833333333333333,0.6517692307692309,0.4243461538461538,0.6181153846153846
S030,107,0.6756025552749634,0.125,0.664,0.4263333333333333,0.51375
S030,108,0.6766051650047302,0.0,0.67,0.24,0.554
S030,109,0.6924707293510437,0.1666666666666666,0.540483870967742,0.5278064516129032,0.5784838709677419
S030,110,0.6902584433555603,0.0,0.6614166666666667,0.4716666666666667,0.7039166666666667
S030,111,0.6773223280906677,0.1923076923076923,0.6810810810810809,0.4732702702702703,0.6567837837837839
S030,112,0.6798007488250732,0.0,0.7226666666666667,0.3971249999999999,0.6142500000000001
S030,113,0.7009632587432861,0.0,0.708923076923077,0.3983846153846154,0.6038461538461538
S030,114,0.6906320452690125,0.0,0.6187,0.3564,0.5111
S030,115,0.6881747841835022,0.0714285714285714,0.649375,0.42245,0.5559499999999999
S030,116,0.6715055108070374,0.0,0.8066666666666666,0.4873333333333334,0.7076666666666668
S030,117,0.694194495677948,0.0,0.7861666666666668,0.3875,0.7225
S006,0,0.695457398891449,0.0161290322580645,0.6654421052631578,0.4258631578947368,0.5767578947368421
S006,1,0.6856932640075684,0.1041666666666666,0.5566129032258064,0.5088548387096775,0.5809193548387097
S006,2,0.701710045337677,0.0,0.5504153846153846,0.4560923076923077,0.5562769230769232
S006,3,0.695457398891449,0.0161290322580645,0.6654421052631578,0.4258631578947368,0.5767578947368421
S006,4,0.6856932640075684,0.1041666666666666,0.5566129032258064,0.5088548387096775,0.5809193548387097
S006,5,0.701710045337677,0.0,0.5504153846153846,0.4560923076923077,0.5562769230769232
S013,0,0.6861154437065125,0.0166666666666666,0.6855744680851064,0.4638617021276596,0.6336595744680851
S013,1,0.6825794577598572,0.0571428571428571,0.6696415094339624,0.463377358490566,0.640188679245283
S013,2,0.6889219880104065,0.0,0.6463333333333333,0.4076904761904762,0.5425595238095239
S013,3,0.7055208683013916,0.03125,0.6637454545454545,0.4433454545454546,0.5631818181818182
S013,4,0.6825894713401794,0.0196078431372549,0.6292777777777777,0.4385777777777778,0.5664
S013,5,0.6815446019172668,0.0377358490566037,0.5881000000000001,0.4523749999999999,0.5709375
S013,6,0.6891147494316101,0.0384615384615384,0.6613827160493827,0.4556543209876543,0.6290617283950617
S013,7,0.6951352953910828,0.024390243902439,0.6413,0.4220833333333333,0.5349333333333333
S013,8,0.6965601444244385,0.0,0.6330273972602739,0.4371095890410959,0.5816301369863014
S013,9,0.6843719482421875,0.0277777777777777,0.62216,0.41706,0.57332
S013,10,0.6725007891654968,0.0192307692307692,0.6564492753623188,0.4644492753623188,0.624855072463768
S013,11,0.6817159652709961,0.0,0.6902105263157895,0.4935263157894736,0.6616578947368422
S013,12,0.6821306943893433,0.037037037037037,0.680913043478261,0.4900217391304348,0.6841086956521739
S013,13,0.6825546026229858,0.0217391304347826,0.6689354838709678,0.4562258064516128,0.6474838709677418
S013,14,0.6924930810928345,0.0,0.6846666666666668,0.4237083333333333,0.6351666666666667
S013,15,0.6801947355270386,0.0333333333333333,0.6555555555555557,0.4353111111111111,0.6103777777777777
S013,16,0.6882508397102356,0.0454545454545454,0.7140740740740741,0.5021481481481482,0.6600740740740741
S013,17,0.6954825520515442,0.0,0.640904761904762,0.4237142857142856,0.5721190476190476
S013,18,0.6810344457626343,0.0217391304347826,0.6424,0.4434399999999999,0.5862533333333334
S013,19,0.6680276989936829,0.0526315789473684,0.590566037735849,0.498056603773585,0.5822641509433962
S013,20,0.6741073727607727,0.0769230769230769,0.6082173913043479,0.5239710144927535,0.6117101449275363
S013,21,0.6796420216560364,0.0,0.7194499999999999,0.44995,0.6318499999999999
S013,22,0.7026550769805908,0.0,0.7053125,0.4736000000000001,0.6264375
S013,23,0.6880157589912415,0.0,0.6130000000000001,0.4252727272727272,0.60175
S013,24,0.6861154437065125,0.0166666666666666,0.6855744680851064,0.4638617021276596,0.6336595744680851
S013,25,0.6825794577598572,0.0571428571428571,0.6696415094339624,0.463377358490566,0.640188679245283
S013,26,0.6889219880104065,0.0,0.6463333333333333,0.4076904761904762,0.5425595238095239
S013,27,0.7055208683013916,0.03125,0.6637454545454545,0.4433454545454546,0.5631818181818182
S013,28,0.6825894713401794,0.0196078431372549,0.6292777777777777,0.4385777777777778,0.5664
S013,29,0.6815446019172668,0.0377358490566037,0.5881000000000001,0.4523749999999999,0.5709375
S013,30,0.6891147494316101,0.0384615384615384,0.6613827160493827,0.4556543209876543,0.6290617283950617
S013,31,0.6951352953910828,0.024390243902439,0.6413,0.4220833333333333,0.5349333333333333
S013,32,0.6965601444244385,0.0,0.6330273972602739,0.4371095890410959,0.5816301369863014
S013,33,0.6843719482421875,0.0277777777777777,0.62216,0.41706,0.57332
S013,34,0.6725007891654968,0.0192307692307692,0.6564492753623188,0.4644492753623188,0.624855072463768
S013,35,0.6817159652709961,0.0,0.6902105263157895,0.4935263157894736,0.6616578947368422
S013,36,0.6821306943893433,0.037037037037037,0.680913043478261,0.4900217391304348,0.6841086956521739
S013,37,0.6825546026229858,0.0217391304347826,0.6689354838709678,0.4562258064516128,0.6474838709677418
S013,38,0.6924930810928345,0.0,0.6846666666666668,0.4237083333333333,0.6351666666666667
S013,39,0.6801947355270386,0.0333333333333333,0.6555555555555557,0.4353111111111111,0.6103777777777777
S013,40,0.6882508397102356,0.0454545454545454,0.7140740740740741,0.5021481481481482,0.6600740740740741
S013,41,0.6954825520515442,0.0,0.640904761904762,0.4237142857142856,0.5721190476190476
S013,42,0.6810344457626343,0.0217391304347826,0.6424,0.4434399999999999,0.5862533333333334
S013,43,0.6680276989936829,0.0526315789473684,0.590566037735849,0.498056603773585,0.5822641509433962
S013,44,0.6741073727607727,0.0769230769230769,0.6082173913043479,0.5239710144927535,0.6117101449275363
S013,45,0.6796420216560364,0.0,0.7194499999999999,0.44995,0.6318499999999999
S013,46,0.7026550769805908,0.0,0.7053125,0.4736000000000001,0.6264375
S013,47,0.6880157589912415,0.0,0.6130000000000001,0.4252727272727272,0.60175
S003,0,0.7024097442626953,0.0512820512820512,0.7060000000000001,0.4283703703703703,0.6107962962962964
S003,1,0.7249099016189575,0.05,0.714918918918919,0.414135135135135,0.5876216216216216
S047,0,0.6893757581710815,0.0333333333333333,0.6751481481481479,0.399537037037037,0.5722962962962963
S047,1,0.6898057460784912,0.0,0.6877058823529412,0.397235294117647,0.6162352941176471
S047,2,0.6974612474441528,0.0,0.67875,0.467875,0.7254583333333334
S047,3,0.7073988318443298,0.0363636363636363,0.7152875,0.4030625,0.598425
S047,4,0.6867543458938599,0.0754716981132075,0.667445945945946,0.4272702702702703,0.6084459459459459
S047,5,0.6861388087272644,0.173076923076923,0.6437236842105264,0.4778684210526315,0.6166052631578947
S047,6,0.6930904388427734,0.08,0.694263157894737,0.4348421052631579,0.5885000000000001
S047,7,0.6668432354927063,0.0833333333333333,0.6481333333333333,0.5127333333333334,0.6257333333333334
S047,8,0.6962283849716187,0.0476190476190476,0.7401666666666668,0.5479333333333333,0.6763666666666668
S047,9,0.6902453899383545,0.04,0.7002340425531915,0.4142765957446808,0.5842978723404255
S047,10,0.6811863780021667,0.0,0.6463999999999999,0.4359538461538461,0.637676923076923
S047,11,0.6880024075508118,0.0434782608695652,0.6538,0.5244,0.627857142857143
S047,12,0.6756043434143066,0.0,0.687857142857143,0.3665714285714285,0.4964285714285714
S047,13,0.6893757581710815,0.0333333333333333,0.6751481481481479,0.399537037037037,0.5722962962962963
S047,14,0.6898057460784912,0.0,0.6877058823529412,0.397235294117647,0.6162352941176471
S047,15,0.6974612474441528,0.0,0.67875,0.467875,0.7254583333333334
S047,16,0.7073988318443298,0.0363636363636363,0.7152875,0.4030625,0.598425
S047,17,0.6867543458938599,0.0754716981132075,0.667445945945946,0.4272702702702703,0.6084459459459459
S047,18,0.6861388087272644,0.173076923076923,0.6437236842105264,0.4778684210526315,0.6166052631578947
S047,19,0.6930904388427734,0.08,0.694263157894737,0.4348421052631579,0.5885000000000001
S047,20,0.6668432354927063,0.0833333333333333,0.6481333333333333,0.5127333333333334,0.6257333333333334
S047,21,0.6962283849716187,0.0476190476190476,0.7401666666666668,0.5479333333333333,0.6763666666666668
S047,22,0.6902453899383545,0.04,0.7002340425531915,0.4142765957446808,0.5842978723404255
S047,23,0.6811863780021667,0.0,0.6463999999999999,0.4359538461538461,0.637676923076923
S047,24,0.6880024075508118,0.0434782608695652,0.6538,0.5244,0.627857142857143
S047,25,0.6756043434143066,0.0,0.687857142857143,0.3665714285714285,0.4964285714285714
S025,0,0.7126418352127075,0.0,0.7123947368421053,0.4422368421052632,0.6186052631578948
S025,1,0.6917173266410828,0.0181818181818181,0.6833506493506493,0.3929610389610389,0.5600779220779222
S025,2,0.702753484249115,0.0204081632653061,0.6706911764705882,0.4358382352941176,0.5684852941176471
S025,3,0.7034889459609985,0.0,0.7052987012987013,0.4663896103896104,0.6245844155844156
S024,0,0.6902114748954773,0.0555555555555555,0.6447169811320752,0.4217169811320755,0.5730943396226416
S024,1,0.6702851057052612,0.0384615384615384,0.5861891891891892,0.4539459459459459,0.5741081081081081
S024,2,0.678371787071228,0.0769230769230769,0.58965,0.4791,0.5843999999999999
S024,3,0.6837611794471741,0.0625,0.6209285714285715,0.4696071428571429,0.5925
S024,4,0.662250816822052,0.0,0.6933750000000001,0.4311875,0.617
S024,5,0.6918467283248901,0.2,0.5461388888888891,0.5205,0.5713611111111112
S024,6,0.6993386745452881,0.0434782608695652,0.5661363636363637,0.535840909090909,0.5293863636363635
S024,7,0.6736010909080505,0.0,0.6011960784313726,0.445,0.5932745098039216
S024,8,0.681240439414978,0.0769230769230769,0.6458947368421053,0.4061578947368421,0.586578947368421
S024,9,0.671776294708252,0.088235294117647,0.5726739130434783,0.4265652173913042,0.5796521739130435
S024,10,0.6943194270133972,0.064516129032258,0.6222363636363636,0.4374363636363637,0.5339818181818181
S024,11,0.6773403286933899,0.0384615384615384,0.5812307692307692,0.4146153846153846,0.4935128205128205
S024,12,0.6985293030738831,0.03125,0.6766296296296298,0.4392592592592592,0.5997777777777779
S024,13,0.6889833807945251,0.1875,0.6116800000000001,0.46728,0.58904
S024,14,0.69284987449646,0.0689655172413793,0.6456875000000001,0.4477291666666667,0.6173125
S024,15,0.681011974811554,0.05,0.5713787878787879,0.4138636363636364,0.5193484848484847
S024,16,0.6856087446212769,0.0,0.638448275862069,0.469448275862069,0.5964137931034483
S024,17,0.6782575249671936,0.09375,0.6148181818181819,0.4136909090909091,0.5478909090909091
S024,18,0.6929787397384644,0.0588235294117647,0.6285609756097561,0.4064390243902439,0.600219512195122
S024,19,0.6958625316619873,0.1,0.6628965517241381,0.4770689655172414,0.6182068965517243
S024,20,0.6911789178848267,0.0357142857142857,0.6785000000000001,0.4104333333333333,0.6178333333333335
S024,21,0.6593161821365356,0.05,0.6517450980392157,0.4802745098039215,0.6594509803921568
S024,22,0.6754040718078613,0.0625,0.6397118644067797,0.4634406779661017,0.5635084745762713
S024,23,0.6893280744552612,0.08,0.6488510638297873,0.4278510638297872,0.5581914893617019
S024,24,0.6822018623352051,0.0697674418604651,0.6257820512820513,0.4557435897435897,0.5599102564102564
S024,25,0.6848068237304688,0.0,0.6272799999999998,0.44818,0.5812000000000002
S024,26,0.6876031160354614,0.0,0.6847857142857142,0.4849464285714285,0.6370000000000001
S024,27,0.6819220185279846,0.0512820512820512,0.6294843750000001,0.44434375,0.62784375
S024,28,0.6902114748954773,0.0555555555555555,0.6447169811320752,0.4217169811320755,0.5730943396226416
S024,29,0.6702851057052612,0.0384615384615384,0.5861891891891892,0.4539459459459459,0.5741081081081081
S024,30,0.678371787071228,0.0769230769230769,0.58965,0.4791,0.5843999999999999
S024,31,0.6837611794471741,0.0625,0.6209285714285715,0.4696071428571429,0.5925
S024,32,0.662250816822052,0.0,0.6933750000000001,0.4311875,0.617
S024,33,0.6918467283248901,0.2,0.5461388888888891,0.5205,0.5713611111111112
S024,34,0.6993386745452881,0.0434782608695652,0.5661363636363637,0.535840909090909,0.5293863636363635
S024,35,0.6736010909080505,0.0,0.6011960784313726,0.445,0.5932745098039216
S024,36,0.681240439414978,0.0769230769230769,0.6458947368421053,0.4061578947368421,0.586578947368421
S024,37,0.671776294708252,0.088235294117647,0.5726739130434783,0.4265652173913042,0.5796521739130435
S024,38,0.6943194270133972,0.064516129032258,0.6222363636363636,0.4374363636363637,0.5339818181818181
S024,39,0.6773403286933899,0.0384615384615384,0.5812307692307692,0.4146153846153846,0.4935128205128205
S024,40,0.6985293030738831,0.03125,0.6766296296296298,0.4392592592592592,0.5997777777777779
S024,41,0.6889833807945251,0.1875,0.6116800000000001,0.46728,0.58904
S024,42,0.69284987449646,0.0689655172413793,0.6456875000000001,0.4477291666666667,0.6173125
S024,43,0.681011974811554,0.05,0.5713787878787879,0.4138636363636364,0.5193484848484847
S024,44,0.6856087446212769,0.0,0.638448275862069,0.469448275862069,0.5964137931034483
S024,45,0.6782575249671936,0.09375,0.6148181818181819,0.4136909090909091,0.5478909090909091
S024,46,0.6929787397384644,0.0588235294117647,0.6285609756097561,0.4064390243902439,0.600219512195122
S024,47,0.6958625316619873,0.1,0.6628965517241381,0.4770689655172414,0.6182068965517243
S024,48,0.6911789178848267,0.0357142857142857,0.6785000000000001,0.4104333333333333,0.6178333333333335
S024,49,0.6593161821365356,0.05,0.6517450980392157,0.4802745098039215,0.6594509803921568
S024,50,0.6754040718078613,0.0625,0.6397118644067797,0.4634406779661017,0.5635084745762713
S024,51,0.6893280744552612,0.08,0.6488510638297873,0.4278510638297872,0.5581914893617019
S024,52,0.6822018623352051,0.0697674418604651,0.6257820512820513,0.4557435897435897,0.5599102564102564
S024,53,0.6848068237304688,0.0,0.6272799999999998,0.44818,0.5812000000000002
S024,54,0.6876031160354614,0.0,0.6847857142857142,0.4849464285714285,0.6370000000000001
S024,55,0.6819220185279846,0.0512820512820512,0.6294843750000001,0.44434375,0.62784375
S034,0,0.6846411228179932,0.0476190476190476,0.6361224489795919,0.4370816326530612,0.5602244897959183
S034,1,0.7022952437400818,0.0,0.5941428571428572,0.4568333333333332,0.5119047619047619
S034,2,0.6873836517333984,0.0,0.6449605263157894,0.4031315789473684,0.5693684210526316
S034,3,0.6872642040252686,0.0517241379310344,0.6563452380952381,0.4767976190476189,0.6438333333333334
S034,4,0.6835339665412903,0.0,0.6905806451612903,0.4548064516129032,0.5661774193548388
S034,5,0.6930708885192871,0.0363636363636363,0.6551898734177216,0.410746835443038,0.5805949367088609
S034,6,0.7033944725990295,0.0408163265306122,0.6696206896551724,0.4236666666666666,0.5345862068965519
S034,7,0.6978713870048523,0.0,0.632709677419355,0.3851129032258065,0.5795645161290323
S034,8,0.6901530027389526,0.0303030303030303,0.6806785714285715,0.4335,0.605875
S034,9,0.7059493064880371,0.0769230769230769,0.6035636363636364,0.4169090909090909,0.5421999999999998
S034,10,0.6934532523155212,0.1714285714285714,0.5551458333333333,0.5122083333333333,0.5787916666666667
S034,11,0.6774245500564575,0.0,0.62228,0.39556,0.59148
S034,12,0.6992619633674622,0.0555555555555555,0.5582258064516129,0.4624838709677419,0.5531612903225808
S034,13,0.6955808997154236,0.0,0.5512333333333334,0.4959666666666666,0.5038666666666667
S034,14,0.6147814989089966,0.0,0.625,0.5375,0.3695
S034,15,0.7047039866447449,0.075,0.586679245283019,0.4223584905660377,0.543188679245283
S034,16,0.6859909296035767,0.087719298245614,0.6896470588235295,0.4490823529411765,0.6403529411764708
S034,17,0.6889341473579407,0.1111111111111111,0.6000918367346939,0.431561224489796,0.6017448979591837
S034,18,0.6856468319892883,0.048780487804878,0.6421016949152543,0.4121525423728813,0.5688644067796612
S034,19,0.6792346835136414,0.1481481481481481,0.6560961538461538,0.4630576923076922,0.5766538461538462
S034,20,0.6894842386245728,0.0,0.7861666666666668,0.3875,0.7225
S002,0,0.6865523457527161,0.0,0.6491666666666667,0.4287037037037037,0.5261111111111112
S002,1,0.6651608347892761,0.0,0.4806,0.4322,0.4791999999999999
S002,2,0.6686947345733643,0.0,0.6114090909090909,0.4426363636363636,0.5593181818181817
S002,3,0.6862944960594177,0.3333333333333333,0.5503214285714285,0.5118214285714285,0.5917857142857142
S002,4,0.6943982839584351,0.0,0.6167222222222222,0.4072222222222222,0.5745277777777776
S002,5,0.6994965672492981,0.0,0.958,0.353,0.526
S002,6,0.6865523457527161,0.0,0.6491666666666667,0.4287037037037037,0.5261111111111112
S002,7,0.6651608347892761,0.0,0.4806,0.4322,0.4791999999999999
S002,8,0.6686947345733643,0.0,0.6114090909090909,0.4426363636363636,0.5593181818181817
S002,9,0.6862944960594177,0.3333333333333333,0.5503214285714285,0.5118214285714285,0.5917857142857142
S002,10,0.6943982839584351,0.0,0.6167222222222222,0.4072222222222222,0.5745277777777776
S002,11,0.6994965672492981,0.0,0.958,0.353,0.526
S012,0,0.6984021067619324,0.027027027027027,0.7027460317460317,0.4122857142857143,0.6326031746031747
S012,1,0.6976960897445679,0.0,0.6722807017543859,0.4074385964912281,0.5651228070175439
S012,2,0.6942172646522522,0.0,0.6827083333333333,0.4112499999999999,0.5499999999999999
S012,3,0.7031628489494324,0.0769230769230769,0.6857959183673469,0.4577755102040816,0.6121020408163266
S012,4,0.6915740966796875,0.0,0.6929130434782609,0.4491956521739129,0.6086739130434783
S012,5,0.7005937099456787,0.0,0.6568510638297873,0.4457659574468084,0.6210851063829786
S012,6,0.6903674602508545,0.0,0.6608928571428571,0.4129107142857142,0.573125
S012,7,0.6890957355499268,0.0303030303030303,0.7072807017543861,0.4053508771929824,0.6157894736842104
S012,8,0.6856423020362854,0.0714285714285714,0.6067368421052631,0.4083157894736842,0.6007368421052631
S012,9,0.6819009184837341,0.0,0.6801666666666666,0.423,0.4788333333333334
S012,10,0.70131516456604,0.131578947368421,0.5538392857142858,0.5415178571428572,0.625357142857143
S012,11,0.6641572117805481,0.1333333333333333,0.5814186046511628,0.4881860465116279,0.6116279069767442
S012,12,0.691717803478241,0.08,0.7186585365853658,0.4533414634146342,0.5936585365853658
S012,13,0.6804875135421753,0.0,0.692058823529412,0.3656470588235294,0.6154705882352941
S012,14,0.680429220199585,0.125,0.5346666666666667,0.4814444444444444,0.5201111111111112
S012,15,0.6697309017181396,0.1724137931034483,0.61448,0.5297999999999999,0.6489733333333334
S012,16,0.6789155602455139,0.0,0.6703103448275861,0.4421724137931034,0.6689655172413794
S012,17,0.674045979976654,0.0,0.767846153846154,0.4893076923076923,0.6703846153846155
S012,18,0.6984021067619324,0.027027027027027,0.7027460317460317,0.4122857142857143,0.6326031746031747
S012,19,0.6976960897445679,0.0,0.6722807017543859,0.4074385964912281,0.5651228070175439
S012,20,0.6942172646522522,0.0,0.6827083333333333,0.4112499999999999,0.5499999999999999
S012,21,0.7031628489494324,0.0769230769230769,0.6857959183673469,0.4577755102040816,0.6121020408163266
S012,22,0.6915740966796875,0.0,0.6929130434782609,0.4491956521739129,0.6086739130434783
S012,23,0.7005937099456787,0.0,0.6568510638297873,0.4457659574468084,0.6210851063829786
S012,24,0.6903674602508545,0.0,0.6608928571428571,0.4129107142857142,0.573125
S012,25,0.6890957355499268,0.0303030303030303,0.7072807017543861,0.4053508771929824,0.6157894736842104
S012,26,0.6856423020362854,0.0714285714285714,0.6067368421052631,0.4083157894736842,0.6007368421052631
S012,27,0.6819009184837341,0.0,0.6801666666666666,0.423,0.4788333333333334
S012,28,0.70131516456604,0.131578947368421,0.5538392857142858,0.5415178571428572,0.625357142857143
S012,29,0.6641572117805481,0.1333333333333333,0.5814186046511628,0.4881860465116279,0.6116279069767442
S012,30,0.691717803478241,0.08,0.7186585365853658,0.4533414634146342,0.5936585365853658
S012,31,0.6804875135421753,0.0,0.692058823529412,0.3656470588235294,0.6154705882352941
S012,32,0.680429220199585,0.125,0.5346666666666667,0.4814444444444444,0.5201111111111112
S012,33,0.6697309017181396,0.1724137931034483,0.61448,0.5297999999999999,0.6489733333333334
S012,34,0.6789155602455139,0.0,0.6703103448275861,0.4421724137931034,0.6689655172413794
S012,35,0.674045979976654,0.0,0.767846153846154,0.4893076923076923,0.6703846153846155
S044,0,0.7252734899520874,0.0,0.6991428571428572,0.4155714285714285,0.4714285714285715
S044,1,0.7156330347061157,0.0454545454545454,0.7336842105263157,0.4500526315789473,0.633921052631579
S044,2,0.6901909112930298,0.0666666666666666,0.6206818181818181,0.3706363636363636,0.568409090909091
S044,3,0.7110376954078674,0.0,0.734388888888889,0.4715555555555555,0.6304444444444444
S044,4,0.6841431856155396,0.0,0.68475,0.362,0.5775
S044,5,0.687121570110321,0.1052631578947368,0.6395476190476191,0.4276666666666666,0.634
S044,6,0.7038302421569824,0.1304347826086956,0.583575,0.4592,0.551775
S044,7,0.6924788951873779,0.1111111111111111,0.662076923076923,0.4837692307692307,0.6321538461538462
S044,8,0.705255389213562,0.25,0.5105833333333333,0.6183333333333333,0.6308333333333332
S044,9,0.6807870864868164,0.2857142857142857,0.5206,0.4706666666666667,0.5833333333333334
S044,10,0.6833330988883972,0.0,0.5978888888888889,0.3674444444444444,0.5005555555555555
S044,11,0.6706647872924805,0.15,0.6363103448275862,0.472448275862069,0.6039310344827588
S044,12,0.6181262135505676,0.0,0.883,0.4855,0.8305
S044,13,0.6823782920837402,0.075,0.6251311475409838,0.4482459016393443,0.5782131147540983
S044,14,0.6705764532089233,0.0,0.6423584905660378,0.3954339622641509,0.5962264150943396
S044,15,0.658228874206543,0.05,0.5802916666666667,0.484375,0.5818333333333333
S044,16,0.6780434250831604,0.1176470588235294,0.6714166666666667,0.500125,0.6776666666666666
S044,17,0.6682473421096802,0.1707317073170731,0.615859649122807,0.4884035087719298,0.6409649122807018
S044,18,0.6815025210380554,0.1333333333333333,0.5085135135135136,0.5514324324324325,0.5968108108108109
S044,19,0.6765326857566833,0.1153846153846153,0.6371224489795919,0.3903469387755102,0.5813469387755102
S044,20,0.688184916973114,0.0454545454545454,0.6574423076923076,0.4108173076923078,0.5896634615384615
S044,21,0.6746009588241577,0.074074074074074,0.6642368421052631,0.4857105263157894,0.6306578947368423
S044,22,0.6691359281539917,0.0,0.6774545454545455,0.442590909090909,0.6062727272727272
S044,23,0.6753339767456055,0.0909090909090909,0.597111111111111,0.4999444444444444,0.5038333333333335
S044,24,0.6996876001358032,0.0606060606060606,0.6685599999999999,0.42308,0.5565199999999999
S044,25,0.6905521750450134,0.0,0.7861666666666668,0.3875,0.7225
S044,26,0.7252734899520874,0.0,0.6991428571428572,0.4155714285714285,0.4714285714285715
S044,27,0.7156330347061157,0.0454545454545454,0.7336842105263157,0.4500526315789473,0.633921052631579
S044,28,0.6901909112930298,0.0666666666666666,0.6206818181818181,0.3706363636363636,0.568409090909091
S044,29,0.7110376954078674,0.0,0.734388888888889,0.4715555555555555,0.6304444444444444
S044,30,0.6841431856155396,0.0,0.68475,0.362,0.5775
S044,31,0.687121570110321,0.1052631578947368,0.6395476190476191,0.4276666666666666,0.634
S044,32,0.7038302421569824,0.1304347826086956,0.583575,0.4592,0.551775
S044,33,0.6924788951873779,0.1111111111111111,0.662076923076923,0.4837692307692307,0.6321538461538462
S044,34,0.705255389213562,0.25,0.5105833333333333,0.6183333333333333,0.6308333333333332
S044,35,0.6807870864868164,0.2857142857142857,0.5206,0.4706666666666667,0.5833333333333334
S044,36,0.6833330988883972,0.0,0.5978888888888889,0.3674444444444444,0.5005555555555555
S044,37,0.6706647872924805,0.15,0.6363103448275862,0.472448275862069,0.6039310344827588
S044,38,0.6181262135505676,0.0,0.883,0.4855,0.8305
S044,39,0.6823782920837402,0.075,0.6251311475409838,0.4482459016393443,0.5782131147540983
S044,40,0.6705764532089233,0.0,0.6423584905660378,0.3954339622641509,0.5962264150943396
S044,41,0.658228874206543,0.05,0.5802916666666667,0.484375,0.5818333333333333
S044,42,0.6780434250831604,0.1176470588235294,0.6714166666666667,0.500125,0.6776666666666666
S044,43,0.6682473421096802,0.1707317073170731,0.615859649122807,0.4884035087719298,0.6409649122807018
S044,44,0.6815025210380554,0.1333333333333333,0.5085135135135136,0.5514324324324325,0.5968108108108109
S044,45,0.6765326857566833,0.1153846153846153,0.6371224489795919,0.3903469387755102,0.5813469387755102
S044,46,0.688184916973114,0.0454545454545454,0.6574423076923076,0.4108173076923078,0.5896634615384615
S044,47,0.6746009588241577,0.074074074074074,0.6642368421052631,0.4857105263157894,0.6306578947368423
S044,48,0.6691359281539917,0.0,0.6774545454545455,0.442590909090909,0.6062727272727272
S044,49,0.6753339767456055,0.0909090909090909,0.597111111111111,0.4999444444444444,0.5038333333333335
S044,50,0.6996876001358032,0.0606060606060606,0.6685599999999999,0.42308,0.5565199999999999
S044,51,0.6905521750450134,0.0,0.7861666666666668,0.3875,0.7225
S010,0,0.6693436503410339,0.0952380952380952,0.5670576923076923,0.4340384615384615,0.5941153846153846
S010,1,0.6782320141792297,0.0555555555555555,0.5735675675675675,0.4023783783783783,0.5630000000000001
S010,2,0.6813212037086487,0.0,0.6092166666666667,0.42155,0.5714
S010,3,0.6736241579055786,0.0952380952380952,0.6185675675675677,0.420027027027027,0.6400540540540541
S010,4,0.6693436503410339,0.0952380952380952,0.5670576923076923,0.4340384615384615,0.5941153846153846
S010,5,0.6782320141792297,0.0555555555555555,0.5735675675675675,0.4023783783783783,0.5630000000000001
S010,6,0.6813212037086487,0.0,0.6092166666666667,0.42155,0.5714
S010,7,0.6736241579055786,0.0952380952380952,0.6185675675675677,0.420027027027027,0.6400540540540541
S001,0,0.6758270859718323,0.09375,0.6713695652173912,0.4306086956521739,0.6360217391304347
S001,1,0.6794200539588928,0.0952380952380952,0.6568620689655174,0.4593793103448276,0.6053448275862069
S001,2,0.6911693811416626,0.0,0.6951666666666666,0.4406666666666667,0.5529999999999999
S001,3,0.681499719619751,0.0526315789473684,0.666171875,0.41934375,0.5991875
S001,4,0.6857000589370728,0.0256410256410256,0.6127592592592593,0.4415,0.6042222222222221
S001,5,0.7051319479942322,0.0,0.6314285714285713,0.4284,0.5233142857142857
S001,6,0.6864075064659119,0.1666666666666666,0.5922,0.504,0.5917600000000001
S001,7,0.6803679466247559,0.0196078431372549,0.639439393939394,0.4010151515151514,0.6114545454545454
S001,8,0.6910494565963745,0.04,0.6266527777777777,0.4272916666666667,0.5461805555555556
S001,9,0.6911105513572693,0.1025641025641025,0.6066388888888888,0.4404027777777777,0.6111944444444445
S001,10,0.6799593567848206,0.0363636363636363,0.5905189873417721,0.4541392405063292,0.5855316455696203
S001,11,0.7128401398658752,0.0,0.6751219512195122,0.4231951219512195,0.5078780487804878
S001,12,0.684852123260498,0.0,0.6562954545454546,0.4365681818181819,0.5804999999999999
S001,13,0.6806206107139587,0.0,0.6638,0.4318999999999999,0.6254333333333335
S001,14,0.6900743246078491,0.2,0.5926226415094341,0.4501886792452829,0.5523396226415094
S001,15,0.6900612115859985,0.05,0.6576,0.4684285714285714,0.5996285714285714
S027,0,0.6997878551483154,0.0357142857142857,0.6890128205128204,0.4827564102564102,0.5953589743589743
S027,1,0.6951045989990234,0.0,0.7089344262295082,0.4204590163934426,0.6226065573770493
S027,2,0.713625967502594,0.0476190476190476,0.6779459459459458,0.4501621621621622,0.6080810810810812
S045,0,0.6896249651908875,0.0483870967741935,0.6211978021978022,0.4328241758241759,0.5732967032967033
S045,1,0.6869052052497864,0.0178571428571428,0.5819247311827958,0.4866666666666667,0.5620430107526883
S045,2,0.6963624954223633,0.037037037037037,0.5988369565217392,0.4472826086956522,0.5337934782608695
S045,3,0.6965730786323547,0.088235294117647,0.6437064220183486,0.4498807339449542,0.6048165137614679
S045,4,0.6775442361831665,0.054054054054054,0.5653103448275862,0.4183793103448276,0.5250862068965517
S045,5,0.6917572617530823,0.0357142857142857,0.6770500000000002,0.40795,0.6171833333333334
S045,6,0.6631309986114502,0.05,0.64998,0.478,0.6593000000000001
S045,7,0.6843054294586182,0.0769230769230769,0.6363235294117646,0.4615294117647059,0.5501911764705882
S045,8,0.683381199836731,0.0666666666666666,0.6184146341463415,0.4661341463414634,0.5625121951219513
S045,9,0.6810947060585022,0.0,0.6367755102040816,0.4458571428571429,0.5911020408163266
S045,10,0.6861782073974609,0.0512820512820512,0.6307121212121213,0.4381515151515152,0.6256060606060606
S045,11,0.6896249651908875,0.0483870967741935,0.6211978021978022,0.4328241758241759,0.5732967032967033
S045,12,0.6869052052497864,0.0178571428571428,0.5819247311827958,0.4866666666666667,0.5620430107526883
S045,13,0.6963624954223633,0.037037037037037,0.5988369565217392,0.4472826086956522,0.5337934782608695
S045,14,0.6965730786323547,0.088235294117647,0.6437064220183486,0.4498807339449542,0.6048165137614679
S045,15,0.6775442361831665,0.054054054054054,0.5653103448275862,0.4183793103448276,0.5250862068965517
S045,16,0.6917572617530823,0.0357142857142857,0.6770500000000002,0.40795,0.6171833333333334
S045,17,0.6631309986114502,0.05,0.64998,0.478,0.6593000000000001
S045,18,0.6843054294586182,0.0769230769230769,0.6363235294117646,0.4615294117647059,0.5501911764705882
S045,19,0.683381199836731,0.0666666666666666,0.6184146341463415,0.4661341463414634,0.5625121951219513
S045,20,0.6810947060585022,0.0,0.6367755102040816,0.4458571428571429,0.5911020408163266
S045,21,0.6861782073974609,0.0512820512820512,0.6307121212121213,0.4381515151515152,0.6256060606060606
S008,0,0.7070227265357971,0.0,0.6695510204081633,0.444938775510204,0.6499795918367347
S008,1,0.7019231915473938,0.108695652173913,0.6538714285714284,0.4173714285714285,0.5515285714285715
S008,2,0.6992689371109009,0.0434782608695652,0.6973555555555555,0.4755888888888889,0.6784444444444445
S008,3,0.6874337196350098,0.075,0.6699827586206897,0.4603620689655172,0.6642586206896552
S008,4,0.6842958927154541,0.0,0.7031666666666666,0.3974999999999999,0.6605833333333334
S008,5,0.6798006296157837,0.0606060606060606,0.632551724137931,0.4258103448275862,0.619103448275862
S008,6,0.7015886306762695,0.037037037037037,0.7059736842105263,0.4403815789473683,0.6482105263157895
S008,7,0.6986188888549805,0.0,0.6773125,0.4562125,0.6222000000000001
S008,8,0.7225358486175537,0.0,0.7230196078431371,0.3781960784313725,0.583607843137255
